timestamp,flow:200
1604037603600,0
1604037614400,0
1604037625200,0
1604037632400,0
1604037643200,0
1604037654000,0
1604037664800,0
1604037675600,0
1604037682800,0
1604037693600,0
1604037704400,0
1604037715200,0
1604037722400,0
1604037740400,0
1604037744000,0
1604037754800,0
1604037762000,0
1604037772800,0
1604037783600,0
1604037794400,0
1604037805200,0
1604037812400,0
1604037823200,0
1604037834000,0
1604037844800,0
1604037852000,0.611699
1604037862800,1.056072
1604037873600,1.07253
1604037884400,1.091731
1604037891600,0.91069
1604037902400,0
1604037913200,0
1604037924000,0.669303
1604037934800,1.042357
1604037942000,1.058815
1604037952800,1.064301
1604037963600,0.880517
1604037974400,0
1604037981600,0
1604037992400,0
1604038003200,0
1604038014000,0
1604038024800,0
1604038032000,0
1604038042800,0.987496
1604038053600,2.967973
1604038064400,2.987174
1604038071600,2.995403
1604038082400,1.377008
1604038093200,0
1604038104000,0
1604038114800,0
1604038122000,0
1604038132800,0
1604038143600,0
1604038154400,0
1604038165200,0
1604038172400,0
1604038183200,0
1604038194000,0
1604038204800,0
1604038212000,0
1604038222800,0
1604038233600,0
1604038251600,0
1604038255200,0
1604038262400,0
1604038273200,0
1604038284000,0
1604038294800,0
1604038302000,0
1604038312800,0
1604038323600,0
1604038334400,0
1604038341600,0
1604038359600,0
1604038363200,0
1604038374000,0
1604038384800,0
1604038392000,0
1604038402800,0
1604038413600,0
1604038424400,0
1604038435200,0
1604038442400,0
1604038453200,0
1604038464000,0
1604038474800,0
1604038482000,0
1604038492800,0
1604038503600,0
1604038525200,0
1604038532400,0
1604038543200,0
1604038554000,0
1604038564800,0
1604038572000,0.562324
1604038582800,0.213957
1604038593600,0
1604038604400,0
1604038615200,0
1604038622400,0
1604038633200,0
1604038644000,0
1604038654800,0.329165
1604038662000,1.00944
1604038672800,0.137152
1604038683600,0.167326
1604038694400,0.175555
1604038705200,0.172812
1604038712400,0.159097
1604038723200,0.16184
1604038734000,0.002743
1604038744800,0
1604038752000,0
1604038762800,0
1604038773600,0
1604038784400,0
1604038795200,0
1604038802400,0
1604038813200,0
1604038824000,0
1604038834800,0
1604038842000,0
1604038852800,0
1604038863600,0.298992
1604038874400,0.172812
1604038881600,0
1604038892400,0
1604038903200,0
1604038914000,0
1604038924800,0
1604038932000,0.041146
1604038942800,0.139895
1604038953600,0.260589
1604038964400,0.430658
1604038971600,0.041146
1604038982400,0
1604038993200,0.359339
1604039004000,0.172812
1604039014800,0.389512
1604039022000,0.66656
1604039032800,0.392255
1604039043600,0.466317
1604039054400,0.27979
1604039065200,0
1604039072400,0
1604039083200,0
1604039094000,0
1604039104800,0
1604039115600,0
1604039122800,0
1604039133600,0
1604039144400,0
1604039155200,0
1604039162400,0
1604039173200,0
1604039184000,0
1604039194800,0
1604039202000,0
1604039212800,0
1604039223600,0
1604039234400,0
1604039245200,0
1604039252400,0
1604039263200,0
1604039274000,0
1604039284800,0.117951
1604039292000,0.427915
1604039302800,0.425172
1604039313600,0.425172
1604039324400,0.474547
1604039335200,0.543123
1604039342400,0.548609
1604039353200,0.551352
1604039364000,0.545866
1604039374800,0.548609
1604039382000,0.554095
1604039392800,0.551352
1604039403600,0.54038
1604039414400,0.54038
1604039421600,0.543123
1604039432400,0.554095
1604039443200,0.548609
1604039454000,0.551352
1604039464800,0.54038
1604039472000,0.548609
1604039482800,0.545866
1604039493600,0.545866
1604039504400,0.554095
1604039511600,0.032917
1604039522400,0
1604039533200,0
1604039544000,0
1604039554800,0
1604039562000,0
1604039572800,0
1604039583600,0
1604039594400,0
1604039605200,0
1604039612400,0
1604039623200,0
1604039634000,0.389512
1604039644800,0.781767
1604039652000,0.47729
1604039662800,0.447116
1604039673600,0.373054
1604039684400,0.493748
1604039695200,0.496491
1604039702400,0.491005
1604039713200,0.482776
1604039724000,0.482776
1604039734800,0.482776
1604039742000,0.485519
1604039752800,0.488262
1604039763600,0.491005
1604039774400,0.493748
1604039785200,0.488262
1604039792400,0.491005
1604039803200,0.482776
1604039814000,0.480033
1604039824800,0.482776
1604039835600,0.488262
1604039842800,0.499234
1604039853600,0.493748
1604039864400,0.60347
1604039875200,0.002743
1604039882400,0
1604039893200,0
1604039904000,0
1604039914800,0
1604039922000,0
1604039932800,0
1604039943600,0
1604039954400,0
1604039961600,0
1604039972400,0
1604039983200,0
1604039994000,0
1604040004800,0
1604040015600,0
1604040022800,0.430658
1604040033600,0.386769
1604040044400,0
1604040051600,0.030173
1604040062400,0.965551
1604040073200,3.554984
1604040084000,3.645505
1604040094800,3.124327
1604040102000,2.96523
1604040112800,1.031384
1604040123600,0.554095
1604040134400,0.010972
1604040145200,0.449859
1604040152400,0
1604040174000,0.493748
1604040184800,0.523921
1604040195600,0.877774
1604040202800,1.272772
1604040213600,0.759823
1604040224400,1.305689
1604040242400,1.503188
1604040253200,1.07253
1604040264000,0.551352
1604040274800,0.416943
1604040285600,0.53215
1604040292800,0.082291
1604040303600,0.194756
1604040314400,0.208471
1604040325200,0.200242
1604040332400,0.159097
1604040343200,0.359339
1604040354000,0.071319
1604040364800,0.416943
1604040375600,0.013715
1604040382800,0.255103
1604040393600,0.205728
1604040404400,0.293506
1604040411600,0.72965
1604040422400,0.696733
1604040433200,0.702219
1604040444000,0.233159
1604040454800,0
1604040462000,0
1604040472800,0
1604040483600,0.628157
1604040505200,0.576039
1604040512400,0.765309
1604040523200,0.238645
1604040534000,0.60347
1604040544800,0.172812
1604040552000,0.447116
1604040562800,0.59524
1604040573600,0
1604040584400,0
1604040591600,0
1604040602400,0
1604040613200,0
1604040624000,0
1604040634800,0
1604040642000,0
1604040652800,0
1604040663600,0
1604040681600,0
1604040692400,0
1604040703200,0
1604040714000,0
1604040724800,0
1604040732000,0
1604040742800,0
1604040753600,0
1604040764400,0
1604040771600,0
1604040782400,0
1604040793200,0
1604040804000,0
1604040814800,0
1604040822000,0
1604040832800,0
1604040843600,0
1604040854400,0
1604040865200,0
1604040872400,0
1604040883200,0
1604040894000,0
1604040904800,0
1604040912000,0
1604040922800,0
1604040933600,0
1604040944400,0
1604040955200,0
1604040962400,0
1604040973200,0
1604040984000,0
1604040994800,0
1604041002000,0
1604041012800,0
1604041023600,0
1604041034400,0
1604041045200,0
1604041052400,0
1604041063200,0
1604041074000,0
1604041084800,0
1604041092000,0
1604041102800,0
1604041113600,0
1604041124400,0
1604041131600,0
1604041142400,0
1604041153200,0
1604041164000,0
1604041174800,0
1604041182000,0
1604041192800,0
1604041203600,0
1604041214400,0
1604041225200,0
1604041232400,0
1604041243200,0
1604041261200,0
1604041264800,0
1604041272000,0
1604041282800,0
1604041293600,0
1604041304400,0
1604041315200,0
1604041322400,0
1604041333200,0
1604041344000,0
1604041354800,0
1604041362000,0
1604041372800,0
1604041383600,0
1604041394400,0
1604041401600,0
1604041412400,0
1604041423200,0
1604041434000,0
1604041444800,0
1604041455600,0
1604041462800,0
1604041480800,0
1604041484400,0
1604041495200,0
1604041502400,0
1604041513200,0
1604041524000,0
1604041534800,0
1604041545600,0
1604041552800,0
1604041563600,0
1604041574400,0
1604041585200,0
1604041592400,0
1604041603200,0
1604041614000,0
1604041624800,0
1604041635600,0
1604041642800,0
1604041653600,0
1604041664400,0
1604041675200,0
1604041682400,0
1604041693200,0
1604041704000,0
1604041714800,0
1604041722000,0.976523
1604041740000,1.511417
1604041743600,0.899718
1604041754400,0
1604041761600,0
1604041772400,0
1604041783200,0
1604041794000,0
1604041804800,0
1604041822800,0
1604041833600,0
1604041844400,0
1604041851600,0
1604041862400,0
1604041873200,0
1604041884000,0
1604041894800,0
1604041902000,0
1604041912800,0
1604041923600,0
1604041934400,0
1604041945200,0
1604041952400,0
1604041963200,0
1604041974000,0
1604041984800,0
1604041992000,0
1604042002800,0
1604042013600,0
1604042024400,0.394998
1604042031600,3.047521
1604042042400,3.143528
1604042053200,3.074952
1604042064000,1.599194
1604042074800,1.555306
1604042082000,1.256314
1604042092800,1.60468
1604042103600,1.245342
1604042114400,1.23437
1604042121600,1.302946
1604042132400,1.571764
1604042143200,1.522389
1604042154000,1.209682
1604042164800,1.201453
1604042172000,1.201453
1604042182800,1.193224
1604042193600,1.184995
1604042204400,1.176766
1604042215200,1.184995
1604042222400,1.182252
1604042233200,1.187738
1604042244000,1.184995
1604042254800,1.179509
1604042262000,1.179509
1604042272800,1.182252
1604042283600,1.17128
1604042294400,1.174023
1604042301600,1.184995
1604042312400,1.184995
1604042323200,1.179509
1604042334000,1.17128
1604042344800,1.174023
1604042352000,1.176766
1604042362800,1.176766
1604042373600,1.179509
1604042384400,1.176766
1604042395200,1.174023
1604042402400,1.176766
1604042413200,1.182252
1604042424000,1.174023
1604042434800,1.179509
1604042442000,1.165793
1604042452800,1.179509
1604042463600,1.179509
1604042474400,1.179509
1604042485200,1.168537
1604042492400,1.182252
1604042503200,1.176766
1604042514000,1.17128
1604042524800,1.174023
1604042535600,1.174023
1604042542800,1.17128
1604042553600,1.168537
1604042564400,1.184995
1604042575200,1.184995
1604042582400,1.176766
1604042593200,1.160307
1604042604000,1.160307
1604042614800,1.165793
1604042625600,1.174023
1604042632800,1.179509
1604042643600,1.165793
1604042654400,1.16305
1604042665200,1.165793
1604042672400,1.160307
1604042683200,1.17128
1604042694000,1.176766
1604042704800,1.176766
1604042715600,1.17128
1604042722800,1.16305
1604042733600,1.157564
1604042744400,1.165793
1604042755200,1.168537
1604042762400,1.168537
1604042773200,1.17128
1604042784000,1.17128
1604042794800,1.168537
1604042802000,1.160307
1604042812800,1.014926
1604042823600,0
1604042834400,0
1604042845200,0
1604042852400,0
1604042863200,0
1604042874000,0
1604042884800,0
1604042892000,0
1604042902800,0
1604042913600,0
1604042924400,0
1604042935200,0
1604042942400,0
1604042953200,0
1604042964000,0
1604042974800,0
1604042982000,0
1604042992800,0
1604043003600,0
1604043014400,0
1604043025200,0
1604043032400,0
1604043043200,0
1604043054000,0
1604043064800,0
1604043075600,0
1604043082800,0
1604043093600,0
1604043104400,0.337394
1604043115200,0.877774
1604043122400,0.28802
1604043133200,0.010972
1604043144000,0
1604043154800,0
1604043165600,0
1604043172800,0
1604043183600,0
1604043194400,0
1604043205200,0
1604043212400,0
1604043223200,0
1604043234000,0
1604043244800,0
1604043252000,0
1604043262800,0
1604043273600,0
1604043284400,0
1604043295200,0
1604043302400,0
1604043313200,0
1604043324000,0
1604043334800,0
1604043345600,0
1604043352800,0
1604043363600,0
1604043374400,0
1604043385200,0
1604043392400,0
1604043403200,0
1604043414000,0
1604043424800,0
1604043435600,0
1604043442800,0
1604043453600,0
1604043464400,0
1604043475200,0
1604043482400,0
1604043493200,0
1604043504000,0
1604043514800,0
1604043522000,0
1604043532800,0
1604043543600,0
1604043554400,0
1604043565200,0
1604043572400,0
1604043583200,0
1604043594000,0
1604043604800,0
1604043612000,0
1604043622800,0
1604043633600,0
1604043644400,0.44163
1604043655200,0
1604043662400,0
1604043673200,0
1604043684000,0
1604043694800,0.66656
1604043702000,1.516903
1604043712800,1.525132
1604043723600,2.55926
1604043734400,3.582415
1604043741600,1.4785
1604043752400,1.357807
1604043763200,1.330376
1604043774000,1.313918
1604043784800,1.305689
1604043792000,1.29746
1604043802800,1.294717
1604043813600,1.291973
1604043824400,1.278258
1604043831600,1.272772
1604043842400,1.270029
1604043853200,1.272772
1604043864000,1.264543
1604043874800,1.270029
1604043882000,1.270029
1604043892800,1.2618
1604043903600,1.250828
1604043914400,1.259057
1604043925200,1.259057
1604043932400,1.256314
1604043943200,1.253571
1604043954000,1.223397
1604043964800,0.021944
1604043972000,0
1604043982800,0
1604043993600,0
1604044004400,0
1604044015200,0
1604044022400,0
1604044033200,0
1604044044000,0
1604044054800,0
1604044062000,0
1604044072800,0
1604044083600,0
1604044094400,0
1604044108800,0
1604044112400,0
1604044123200,0
1604044134000,0
1604044144800,0
1604044152000,0
1604044162800,0
1604044173600,0
1604044184400,0
1604044195200,0
1604044202400,0
1604044213200,0
1604044224000,0
1604044234800,0
1604044242000,0
1604044252800,0
1604044263600,0
1604044274400,0
1604044285200,0
1604044292400,0
1604044303200,0
1604044314000,0
1604044324800,0
1604044332000,0
1604044342800,0
1604044353600,0
1604044364400,0
1604044375200,0
1604044382400,0
1604044393200,0
1604044404000,0
1604044414800,0
1604044422000,0
1604044432800,0
1604044443600,0
1604044454400,0
1604044461600,0
1604044472400,0
1604044483200,0
1604044494000,0
1604044504800,0
1604044512000,0
1604044522800,0
1604044533600,0
1604044544400,0
1604044555200,0
1604044562400,0
1604044573200,0
1604044584000,0
1604044594800,0
1604044602000,0
1604044612800,0
1604044623600,0
1604044634400,0
1604044641600,0
1604044652400,0
1604044663200,0
1604044674000,0
1604044684800,0
1604044702800,0
1604044713600,0
1604044724400,0
1604044735200,0
1604044742400,0
1604044753200,0
1604044764000,0
1604044774800,0
1604044782000,0
1604044792800,0
1604044803600,0
1604044814400,0
1604044825200,0
1604044832400,0
1604044843200,0
1604044854000,0
1604044864800,0
1604044872000,0
1604044882800,0
1604044893600,0
1604044904400,0
1604044915200,0
1604044922400,0
1604044940400,0
1604044944000,0
1604044954800,0
1604044962000,0
1604044972800,0
1604044983600,0
1604044994400,0
1604045001600,0
1604045012400,0
1604045023200,0
1604045034000,0
1604045044800,0
1604045052000,0
1604045070000,0
1604045073600,0
1604045084400,0
1604045095200,0
1604045102400,0
1604045113200,0
1604045124000,0
1604045134800,0
1604045142000,0
1604045152800,0
1604045163600,0
1604045174400,0
1604045185200,0
1604045192400,0
1604045203200,0
1604045214000,0
1604045224800,0
1604045232000,0
1604045242800,0
1604045253600,0
1604045264400,0
1604045275200,0
1604045282400,0
1604045293200,0
1604045304000,0
1604045314800,0
1604045322000,0
1604045332800,0
1604045343600,0
1604045354400,0
1604045361600,0
1604045372400,0
1604045383200,0
1604045394000,0
1604045404800,0
1604045412000,0
1604045422800,0
1604045433600,0
1604045444400,0
1604045455200,0
1604045462400,0
1604045473200,0
1604045484000,0
1604045494800,0
1604045502000,0
1604045512800,0
1604045523600,0
1604045534400,0
1604045541600,0
1604045552400,0
1604045563200,0
1604045574000,0
1604045584800,0
1604045592000,0
1604045602800,0
1604045613600,0
1604045624400,0
1604045635200,0
1604045642400,0
1604045653200,0
1604045664000,0
1604045674800,0
1604045682000,0
1604045692800,0
1604045703600,0
1604045714400,0
1604045721600,0
1604045732400,0
1604045743200,0
1604045754000,0
1604045764800,0
1604045772000,0
1604045782800,0
1604045793600,0
1604045804400,0
1604045815200,0
1604045822400,0
1604045833200,0
1604045844000,0
1604045854800,0
1604045862000,0
1604045872800,0
1604045883600,0
1604045894400,0
1604045905200,0
1604045912400,0
1604045923200,0
1604045934000,0
1604045944800,0
1604045952000,0
1604045962800,0
1604045973600,0
1604045984400,0
1604045995200,0
1604046002400,0
1604046013200,0
1604046024000,0
1604046034800,0
1604046045600,0
1604046052800,0
1604046063600,0
1604046074400,0
1604046085200,0
1604046092400,0
1604046103200,0
1604046114000,0
1604046124800,0
1604046135600,0
1604046142800,0
1604046153600,0
1604046164400,0
1604046175200,0
1604046182400,0
1604046193200,0
1604046204000,0
1604046214800,0
1604046225600,0
1604046232800,0
1604046243600,0
1604046254400,0
1604046265200,0
1604046272400,0
1604046283200,0
1604046294000,0
1604046304800,0
1604046315600,0
1604046322800,0
1604046333600,0
1604046344400,0
1604046355200,0
1604046362400,0
1604046373200,0
1604046384000,0
1604046394800,0
1604046405600,0
1604046412800,0
1604046423600,0
1604046434400,0
1604046448800,0
1604046452400,0.208471
1604046463200,1.547077
1604046474000,1.522389
1604046484800,0.200242
1604046495600,0
1604046502800,0
1604046513600,0
1604046524400,0
1604046535200,0
1604046542400,0
1604046553200,0
1604046564000,0
1604046574800,0
1604046585600,0
1604046592800,0
1604046603600,0
1604046614400,0
1604046625200,0
1604046632400,0
1604046643200,0
1604046654000,0
1604046664800,0
1604046675600,0
1604046682800,0
1604046693600,0
1604046704400,0
1604046715200,0
1604046722400,0
1604046733200,0
1604046744000,0
1604046754800,0
1604046765600,0
1604046772800,0
1604046783600,0
1604046794400,0
1604046805200,0
1604046816000,0
1604046823200,0
1604046834000,0
1604046844800,0
1604046855600,0
1604046862800,0
1604046873600,0
1604046884400,0
1604046895200,0
1604046902400,0
1604046913200,0
1604046924000,0
1604046934800,0
1604046945600,0
1604046952800,0
1604046963600,0
1604046974400,0
1604046985200,0
1604046996000,0
1604047003200,0
1604047014000,0
1604047024800,0
1604047035600,0
1604047042800,0
1604047053600,0
1604047064400,0
1604047075200,0
1604047082400,0
1604047093200,0
1604047104000,0
1604047114800,0
1604047125600,0
1604047132800,0
1604047143600,0
1604047154400,0
1604047165200,0
1604047172400,0
1604047183200,0
1604047194000,0
1604047204800,0
1604047215600,0
1604047222800,0
1604047233600,0
1604047244400,0
1604047255200,0
1604047262400,0
1604047273200,0
1604047284000,0
1604047294800,0
1604047305600,0
1604047312800,0
1604047323600,0
1604047334400,0
1604047345200,0
1604047352400,0
1604047363200,0
1604047374000,0
1604047384800,0
1604047395600,0
1604047402800,0
1604047413600,0
1604047424400,0
1604047435200,0
1604047442400,0
1604047453200,0
1604047464000,0
1604047474800,0
1604047485600,0
1604047492800,0
1604047503600,0
1604047514400,0
1604047525200,0
1604047532400,0
1604047543200,0
1604047554000,0
1604047564800,0
1604047575600,0
1604047582800,0
1604047593600,0
1604047604400,0
1604047615200,0
1604047622400,0
1604047633200,0
1604047644000,0
1604047654800,0
1604047662000,0
1604047672800,0
1604047683600,0
1604047694400,0
1604047705200,0
1604047712400,0
1604047723200,0
1604047734000,0
1604047744800,0
1604047752000,0
1604047762800,0
1604047773600,0
1604047784400,0
1604047791600,0
1604047802400,0
1604047813200,0
1604047824000,0
1604047834800,0
1604047842000,0
1604047852800,0
1604047863600,0
1604047874400,0
1604047885200,0
1604047892400,0
1604047903200,0
1604047914000,0
1604047924800,0
1604047932000,0
1604047942800,0
1604047964400,0
1604047971600,0
1604047982400,0
1604047993200,0
1604048004000,0
1604048014800,0
1604048022000,0
1604048032800,0
1604048043600,0
1604048054400,0
1604048061600,0
1604048072400,0
1604048083200,0
1604048094000,0
1604048104800,0
1604048112000,0
1604048122800,0
1604048133600,0
1604048144400,0
1604048151600,0
1604048162400,0
1604048173200,0
1604048184000,0
1604048194800,0
1604048202000,0
1604048212800,0
1604048223600,0
1604048234400,0
1604048245200,0
1604048252400,0
1604048263200,0
1604048274000,0
1604048284800,0
1604048295600,0
1604048302800,0
1604048313600,0
1604048324400,0
1604048335200,0
1604048342400,0
1604048353200,0
1604048371200,0
1604048374800,0
1604048382000,0
1604048392800,0
1604048403600,0
1604048414400,0
1604048421600,0
1604048432400,0
1604048443200,0
1604048454000,0
1604048464800,0
1604048472000,0
1604048482800,0
1604048493600,0
1604048504400,0
1604048515200,0
1604048522400,0
1604048533200,0
1604048544000,0
1604048554800,0
1604048562000,0
1604048572800,0
1604048583600,0
1604048594400,0
1604048601600,0
1604048612400,0
1604048634000,0
1604048644800,0
1604048652000,0
1604048662800,0
1604048673600,0
1604048684400,0
1604048691600,0
1604048702400,0
1604048713200,0
1604048724000,0
1604048734800,0
1604048742000,0
1604048752800,0
1604048763600,0
1604048774400,0
1604048785200,0
1604048792400,0
1604048803200,0
1604048814000,0
1604048824800,0
1604048835600,0
1604048842800,0
1604048853600,0
1604048864400,0
1604048875200,0
1604048882400,0
1604048904000,0
1604048914800,0
1604048922000,0
1604048932800,0
1604048943600,0
1604048954400,0
1604048961600,0
1604048972400,0
1604048983200,0
1604048994000,0
1604049004800,0
1604049012000,0
1604049022800,0
1604049033600,0
1604049044400,0
1604049055200,0
1604049062400,0
1604049073200,0
1604049084000,0
1604049094800,0
1604049102000,0
1604049112800,0
1604049123600,0
1604049134400,0
1604049145200,0
1604049163200,0
1604049174000,0
1604049184800,0
1604049195600,0
1604049202800,0
1604049213600,0.754337
1604049224400,1.527875
1604049235200,1.16305
1604049242400,0
1604049253200,0
1604049264000,0
1604049274800,0
1604049282000,0
1604049292800,0
1604049303600,0
1604049314400,0
1604049325200,0
1604049332400,0
1604049343200,0
1604049354000,0
1604049364800,0
1604049375600,0
1604049382800,0
1604049393600,0
1604049404400,0
1604049415200,0
1604049422400,0
1604049433200,0
1604049444000,0
1604049454800,0
1604049465600,0
1604049472800,0
1604049483600,0
1604049494400,0
1604049505200,0
1604049512400,0
1604049523200,0
1604049534000,0
1604049544800,0
1604049552000,0
1604049562800,0
1604049580800,0
1604049584400,0
1604049595200,0
1604049602400,0
1604049613200,0
1604049631200,0
1604049634800,0
1604049642000,0
1604049652800,0
1604049663600,0
1604049674400,0
1604049685200,0
1604049692400,0
1604049703200,0
1604049714000,0
1604049724800,0
1604049735600,0
1604049742800,0
1604049764400,0
1604049775200,0
1604049782400,0
1604049793200,0
1604049804000,0
1604049814800,0
1604049825600,0
1604049832800,0
1604049843600,0
1604049854400,0
1604049865200,0
1604049872400,0
1604049883200,0
1604049894000,0
1604049904800,0
1604049915600,0
1604049922800,0
1604049933600,0
1604049944400,0
1604049955200,0
1604049962400,0
1604049973200,0
1604049984000,0
1604049994800,0
1604050012800,0
1604050023600,0
1604050034400,0
1604050045200,0
1604050052400,0
1604050063200,0
1604050074000,0
1604050084800,0
1604050092000,0
1604050102800,0
1604050113600,0
1604050124400,0
1604050135200,0
1604050142400,0
1604050153200,0
1604050164000,0
1604050174800,0
1604050182000,0
1604050192800,0
1604050203600,0
1604050214400,0
1604050225200,0
1604050232400,0
1604050243200,0
1604050254000,0
1604050264800,0
1604050272000,0
1604050282800,0
1604050293600,0
1604050304400,0
1604050315200,0
1604050322400,0
1604050333200,0
1604050344000,0
1604050354800,0
1604050365600,0
1604050372800,0
1604050383600,0
1604050394400,0
1604050405200,0
1604050412400,0
1604050423200,0
1604050434000,0
1604050444800,0
1604050452000,0
1604050462800,0
1604050484400,0
1604050495200,0
1604050502400,0
1604050513200,0
1604050524000,0
1604050534800,0
1604050542000,0
1604050552800,0
1604050563600,0
1604050574400,0
1604050585200,0
1604050592400,0
1604050603200,0
1604050614000,0
1604050624800,0
1604050632000,0
1604050642800,0
1604050653600,0
1604050664400,0
1604050671600,0
1604050682400,0
1604050693200,0
1604050704000,0
1604050714800,0
1604050722000,0
1604050732800,0
1604050743600,0
1604050754400,0
1604050761600,0
1604050772400,0
1604050783200,0
1604050794000,0
1604050804800,0
1604050812000,0
1604050822800,0
1604050833600,0
1604050844400,0
1604050855200,0
1604050862400,0
1604050873200,0
1604050884000,0
1604050894800,0
1604050912800,0
1604050923600,0
1604050934400,0
1604050945200,0
1604050952400,0
1604050963200,0
1604050974000,0
1604050984800,0
1604050992000,0
1604051002800,0
1604051013600,0
1604051024400,0
1604051035200,0
1604051042400,0
1604051053200,0
1604051064000,0
1604051074800,0
1604051085600,0
1604051092800,0
1604051103600,0
1604051114400,0
1604051121600,0
1604051132400,0
1604051143200,0
1604051154000,0
1604051164800,0
1604051172000,0
1604051182800,0
1604051193600,0
1604051204400,0
1604051211600,0
1604051222400,0
1604051240400,0
1604051244000,0
1604051254800,0
1604051262000,0
1604051272800,0
1604051283600,0
1604051294400,0
1604051301600,0
1604051312400,0
1604051323200,0
1604051334000,0
1604051344800,0
1604051352000,0
1604051362800,0
1604051373600,0
1604051384400,0
1604051391600,0
1604051402400,0
1604051413200,0
1604051424000,0
1604051434800,0
1604051442000,0
1604051452800,0
1604051463600,0
1604051474400,0
1604051488800,0
1604051492400,0
1604051503200,0
1604051514000,0
1604051524800,0
1604051532000,0
1604051542800,0
1604051553600,0
1604051564400,0
1604051575200,0
1604051582400,0
1604051593200,0
1604051604000,0
1604051614800,0
1604051625600,0
1604051632800,0
1604051650800,0
1604051654400,0
1604051665200,0
1604051672400,0
1604051683200,0
1604051694000,0
1604051704800,0
1604051712000,0
1604051722800,0
1604051733600,0
1604051744400,0
1604051755200,0
1604051762400,0
1604051773200,0
1604051784000,0
1604051794800,0
1604051802000,0
1604051812800,0
1604051823600,0
1604051834400,0
1604051845200,0
1604051852400,0
1604051863200,0
1604051874000,0
1604051884800,0
1604051895600,0
1604051902800,0
1604051913600,0
1604051924400,0
1604051935200,0
1604051942400,0
1604051953200,0
1604051964000,0.142638
1604051974800,1.538847
1604051985600,1.522389
1604051992800,0.238645
1604052003600,0
1604052014400,0
1604052025200,0
1604052032400,0
1604052043200,0
1604052054000,0
1604052064800,0
1604052075600,0
1604052082800,0
1604052093600,0
1604052104400,0
1604052115200,0
1604052122400,0
1604052133200,0
1604052144000,0
1604052162000,0
1604052165600,0
1604052172800,0
1604052183600,0
1604052194400,0
1604052205200,0
1604052212400,0
1604052223200,0
1604052234000,0
1604052244800,0
1604052252000,0
1604052262800,0
1604052273600,0
1604052284400,0
1604052295200,0
1604052302400,0
1604052313200,0
1604052324000,0
1604052334800,0
1604052342000,0
1604052352800,0
1604052363600,0
1604052374400,0
1604052381600,0
1604052392400,0
1604052403200,0
1604052414000,0
1604052424800,0
1604052432000,0
1604052442800,0
1604052453600,0
1604052464400,0
1604052471600,0
1604052482400,0
1604052493200,0
1604052504000,0
1604052514800,0
1604052522000,0
1604052532800,0
1604052543600,0
1604052554400,0
1604052561600,0
1604052572400,0
1604052583200,0
1604052594000,0
1604052604800,0
1604052612000,0
1604052622800,0
1604052633600,0
1604052644400,0
1604052655200,0
1604052662400,0
1604052684000,0
1604052694800,0
1604052705600,0
1604052712800,0
1604052723600,0
1604052734400,0
1604052745200,0
1604052752400,0
1604052763200,0
1604052774000,0
1604052784800,0
1604052795600,0
1604052802800,0
1604052813600,0
1604052824400,0
1604052835200,0
1604052842400,0
1604052853200,0
1604052864000,0
1604052874800,0
1604052882000,0
1604052892800,0
1604052903600,0
1604052914400,0
1604052925200,0
1604052932400,0
1604052943200,0
1604052954000,0
1604052964800,0
1604052975600,0
1604052982800,0
1604052993600,0
1604053004400,0
1604053015200,0
1604053022400,0
1604053033200,0
1604053044000,0
1604053054800,0
1604053065600,0
1604053072800,0
1604053083600,0
1604053105200,0
1604053112400,0
1604053123200,0
1604053134000,0
1604053144800,0
1604053152000,0
1604053162800,0
1604053173600,0
1604053184400,0
1604053191600,0
1604053202400,0
1604053213200,0
1604053224000,0
1604053234800,0
1604053242000,0
1604053252800,0
1604053263600,0
1604053274400,0
1604053281600,0
1604053292400,0
1604053303200,0
1604053314000,0
1604053324800,0
1604053332000,0
1604053342800,0
1604053353600,0
1604053364400,0
1604053375200,0
1604053382400,0
1604053393200,0
1604053404000,0
1604053414800,0
1604053422000,0
1604053432800,0
1604053443600,0
1604053454400,0
1604053465200,0
1604053472400,0
1604053483200,0
1604053494000,0
1604053504800,0
1604053515600,0
1604053522800,0
1604053533600,0
1604053544400,0
1604053555200,0
1604053562400,0
1604053573200,0
1604053584000,0
1604053594800,0
1604053602000,0
1604053612800,0
1604053623600,0
1604053634400,0
1604053652400,0
1604053663200,0
1604053674000,0
1604053684800,0
1604053692000,0
1604053702800,0
1604053713600,0
1604053724400,0
1604053731600,0
1604053742400,0
1604053753200,0
1604053764000,0
1604053774800,0
1604053782000,0
1604053792800,0
1604053803600,0
1604053814400,0
1604053821600,0
1604053832400,0
1604053843200,0
1604053854000,0
1604053864800,0
1604053872000,0
1604053882800,0
1604053893600,0
1604053904400,0
1604053911600,0
1604053922400,0
1604053933200,0
1604053944000,0
1604053954800,0
1604053962000,0
1604053972800,0
1604053983600,0
1604053994400,0
1604054005200,0
1604054012400,0
1604054023200,0
1604054034000,0
1604054044800,0
1604054052000,0
1604054062800,0
1604054073600,0
1604054084400,0
1604054095200,0
1604054102400,0
1604054113200,0
1604054124000,0
1604054134800,0
1604054145600,0
1604054152800,0
1604054163600,0
1604054174400,0
1604054185200,0
1604054192400,0
1604054203200,0
1604054214000,0
1604054224800,0
1604054235600,0
1604054242800,0
1604054253600,0
1604054264400,0
1604054275200,0
1604054282400,0
1604054293200,0
1604054304000,0
1604054314800,0
1604054325600,0
1604054332800,0
1604054343600,0
1604054361600,0
1604054365200,0
1604054372400,0
1604054383200,0
1604054394000,0
1604054404800,0
1604054415600,0
1604054422800,0
1604054433600,0
1604054444400,0
1604054455200,0
1604054462400,0
1604054473200,0
1604054484000,0
1604054494800,0
1604054505600,0
1604054512800,0
1604054523600,0
1604054534400,0
1604054545200,0
1604054552400,0
1604054563200,0
1604054574000,0
1604054584800,0
1604054592000,0
1604054602800,0
1604054613600,0
1604054624400,0
1604054631600,0
1604054642400,0
1604054653200,0
1604054664000,0
1604054674800,0
1604054682000,0
1604054692800,0
1604054703600,0
1604054714400,0.076805
1604054725200,1.536104
1604054732400,1.511417
1604054743200,0.282533
1604054754000,0
1604054764800,0
1604054772000,0
1604054782800,0
1604054793600,0
1604054804400,0
1604054815200,0
1604054822400,0
1604054833200,0
1604054844000,0
1604054854800,0
1604054862000,0
1604054872800,0
1604054883600,0
1604054894400,0
1604054905200,0
1604054912400,0
1604054923200,0
1604054934000,0
1604054944800,0
1604054952000,0
1604054962800,0
1604054973600,0
1604054984400,0
1604054995200,0
1604055002400,0
1604055013200,0
1604055024000,0
1604055034800,0
1604055042000,0
1604055052800,0
1604055063600,0
1604055074400,0
1604055085200,0
1604055092400,0
1604055103200,0
1604055114000,0
1604055124800,0
1604055132000,0
1604055142800,0
1604055153600,0
1604055164400,0
1604055178800,0
1604055182400,0
1604055193200,0
1604055204000,0
1604055214800,0
1604055222000,0
1604055232800,0
1604055243600,0
1604055254400,0
1604055265200,0
1604055272400,0
1604055283200,0
1604055294000,0
1604055304800,0
1604055312000,0
1604055322800,0
1604055333600,0
1604055344400,0
1604055351600,0
1604055362400,0
1604055373200,0
1604055384000,0
1604055394800,0
1604055402000,0
1604055412800,0
1604055423600,0
1604055434400,0
1604055441600,0
1604055452400,0
1604055463200,0
1604055474000,0
1604055484800,0
1604055492000,0
1604055502800,0
1604055513600,0
1604055524400,0
1604055535200,0
1604055542400,0
1604055553200,0
1604055564000,0
1604055574800,0
1604055582000,0
1604055592800,0
1604055603600,0
1604055614400,0
1604055625200,0
1604055632400,0
1604055643200,0
1604055654000,0
1604055664800,0
1604055675600,0
1604055682800,0
1604055693600,0
1604055704400,0
1604055715200,0
1604055722400,0
1604055733200,0
1604055744000,0
1604055754800,0
1604055765600,0
1604055772800,0
1604055783600,0
1604055794400,0
1604055805200,0
1604055812400,0
1604055823200,0
1604055834000,0
1604055844800,0
1604055855600,0
1604055862800,0
1604055873600,0
1604055884400,0
1604055895200,0
1604055902400,0
1604055913200,0
1604055934800,0
1604055945600,0
1604055952800,0
1604055963600,0
1604055974400,0
1604055985200,0
1604055992400,0
1604056003200,0
1604056014000,0
1604056024800,0
1604056035600,0
1604056042800,0
1604056053600,0
1604056064400,0
1604056075200,0
1604056082400,0
1604056093200,0
1604056104000,0
1604056114800,0
1604056125600,0
1604056132800,0
1604056143600,0
1604056154400,0
1604056165200,0
1604056172400,0
1604056183200,0
1604056197600,0
1604056204800,0
1604056212000,0
1604056222800,0
1604056233600,0
1604056244400,0
1604056255200,0
1604056262400,0
1604056273200,0
1604056284000,0
1604056294800,0
1604056305600,0
1604056312800,0
1604056323600,0
1604056334400,0
1604056345200,0
1604056352400,0
1604056363200,0
1604056374000,0
1604056384800,0
1604056392000,0
1604056402800,0
1604056413600,0
1604056424400,0
1604056435200,0
1604056442400,0
1604056453200,0
1604056464000,0
1604056474800,0
1604056485600,0
1604056492800,0
1604056503600,0
1604056514400,0
1604056525200,0
1604056532400,0
1604056543200,0
1604056554000,0
1604056564800,0
1604056575600,0
1604056582800,0
1604056593600,0
1604056604400,0
1604056611600,0
1604056622400,0
1604056633200,0
1604056644000,0
1604056654800,0
1604056662000,0
1604056672800,0
1604056683600,0
1604056694400,0
1604056705200,0
1604056712400,0
1604056723200,0
1604056734000,0
1604056752000,0
1604056762800,0
1604056773600,0
1604056784400,0
1604056795200,0
1604056802400,0
1604056813200,0
1604056824000,0
1604056834800,0
1604056845600,0
1604056852800,0
1604056863600,0
1604056874400,0
1604056885200,0
1604056892400,0
1604056903200,0
1604056914000,0
1604056924800,0
1604056935600,0
1604056942800,0
1604056953600,0
1604056964400,0
1604056975200,0
1604056982400,0
1604056993200,0
1604057004000,0
1604057014800,0
1604057025600,0
1604057032800,0
1604057043600,0
1604057054400,0
1604057065200,0
1604057072400,0
1604057083200,0
1604057094000,0
1604057104800,0
1604057115600,0
1604057122800,0
1604057133600,0
1604057144400,0
1604057155200,0
1604057162400,0
1604057173200,0
1604057184000,0
1604057194800,0
1604057205600,0
1604057212800,0
1604057223600,0
1604057234400,0
1604057245200,0
1604057252400,0
1604057263200,0
1604057274000,0
1604057284800,0
1604057302800,0
1604057313600,0
1604057324400,0
1604057335200,0
1604057342400,0
1604057353200,0
1604057364000,0
1604057374800,0
1604057385600,0
1604057392800,0
1604057403600,0
1604057414400,0
1604057425200,0
1604057432400,0
1604057443200,0
1604057454000,0
1604057464800,0
1604057475600,0.762566
1604057482800,1.51416
1604057493600,1.17128
1604057504400,0
1604057515200,0
1604057522400,0
1604057533200,0
1604057544000,0
1604057554800,0
1604057565600,0
1604057572800,0
1604057583600,0
1604057594400,0
1604057605200,0
1604057612400,0
1604057630400,0
1604057634000,0
1604057644800,0
1604057655600,0
1604057662800,0
1604057673600,0
1604057684400,0
1604057695200,0
1604057702400,0
1604057713200,0
1604057724000,0
1604057734800,0
1604057742000,0
1604057752800,0
1604057763600,0
1604057774400,0
1604057781600,0
1604057792400,0
1604057803200,0
1604057814000,0
1604057824800,0
1604057832000,0
1604057842800,0
1604057853600,0
1604057864400,0
1604057875200,0
1604057882400,0
1604057893200,0
1604057904000,0
1604057914800,0
1604057922000,0
1604057932800,0
1604057943600,0
1604057954400,0
1604057961600,0
1604057972400,0
1604057983200,0
1604057994000,0
1604058004800,0
1604058012000,0
1604058022800,0
1604058033600,0
1604058044400,0
1604058055200,0
1604058069600,0
1604058073200,0
1604058084000,0
1604058094800,0
1604058105600,0
1604058112800,0
1604058123600,0
1604058134400,0
1604058145200,0
1604058152400,0
1604058163200,0
1604058174000,0
1604058184800,0
1604058195600,0
1604058202800,0
1604058213600,0
1604058224400,0
1604058235200,0
1604058242400,0
1604058253200,0
1604058264000,0
1604058274800,0
1604058285600,0
1604058292800,0
1604058303600,0
1604058314400,0
1604058325200,0
1604058332400,0
1604058343200,0
1604058354000,0
1604058364800,0
1604058372000,0
1604058382800,0
1604058393600,0
1604058404400,0
1604058415200,0
1604058422400,0
1604058433200,0
1604058444000,0
1604058454800,0
1604058462000,0
1604058483600,0
1604058494400,0
1604058505200,0
1604058512400,0
1604058523200,0
1604058534000,0
1604058544800,0
1604058562800,0
1604058573600,0
1604058584400,0
1604058595200,0
1604058602400,0
1604058613200,0
1604058624000,0
1604058634800,0
1604058642000,0
1604058652800,0
1604058663600,0
1604058674400,0
1604058685200,0
1604058692400,0
1604058703200,0
1604058714000,0
1604058724800,0
1604058742800,0
1604058753600,0
1604058764400,0
1604058775200,0
1604058782400,0
1604058793200,0
1604058804000,0
1604058814800,0
1604058822000,0
1604058832800,0
1604058843600,0
1604058854400,0
1604058861600,0
1604058872400,0
1604058883200,0
1604058904800,0
1604058912000,0
1604058922800,0
1604058933600,0
1604058944400,0
1604058951600,0
1604058962400,0
1604058973200,0
1604058984000,0
1604058994800,0
1604059002000,0
1604059012800,0
1604059023600,0
1604059034400,0
1604059041600,0
1604059052400,0
1604059063200,0
1604059074000,0
1604059084800,0
1604059092000,0
1604059102800,0
1604059113600,0
1604059124400,0
1604059135200,0
1604059142400,0
1604059153200,0
1604059164000,0
1604059174800,0
1604059185600,0
1604059192800,0
1604059203600,0
1604059214400,0
1604059225200,0
1604059232400,0
1604059243200,0
1604059254000,0
1604059264800,0
1604059275600,0
1604059282800,0
1604059293600,0
1604059304400,0
1604059315200,0
1604059322400,0
1604059333200,0
1604059344000,0
1604059354800,0
1604059365600,0
1604059372800,0
1604059383600,0
1604059394400,0
1604059405200,0
1604059412400,0
1604059423200,0
1604059434000,0
1604059444800,0
1604059455600,0
1604059462800,0
1604059473600,0
1604059484400,0
1604059495200,0
1604059502400,0
1604059513200,0
1604059524000,0
1604059534800,0
1604059545600,0
1604059552800,0
1604059563600,0
1604059574400,0
1604059585200,0
1604059592400,0
1604059603200,0
1604059614000,0
1604059624800,0
1604059632000,0
1604059642800,0
1604059653600,0
1604059664400,0
1604059675200,0
1604059682400,0
1604059693200,0
1604059704000,0
1604059714800,0
1604059732800,0
1604059743600,0
1604059754400,0
1604059765200,0
1604059772400,0
1604059783200,0
1604059794000,0
1604059804800,0
1604059812000,0
1604059822800,0
1604059833600,0
1604059844400,0
1604059851600,0
1604059862400,0
1604059873200,0
1604059884000,0
1604059894800,0
1604059902000,0
1604059912800,0
1604059923600,0
1604059934400,0
1604059941600,0
1604059952400,0
1604059963200,0
1604059974000,0
1604059984800,0
1604059992000,0
1604060002800,0
1604060013600,0
1604060024400,0
1604060042400,0
1604060053200,0
1604060064000,0
1604060074800,0
1604060082000,0
1604060092800,0
1604060103600,0
1604060114400,0
1604060132400,0
1604060136000,0
1604060143200,0
1604060154000,0
1604060164800,0
1604060172000,0
1604060182800,0
1604060193600,0
1604060204400,0
1604060211600,0
1604060222400,0.466317
1604060233200,1.533361
1604060244000,1.434612
1604060254800,0.010972
1604060262000,0
1604060272800,0
1604060283600,0
1604060305200,0
1604060312400,0
1604060326800,0
1604060330400,0
1604060334000,0
1604060344800,0
1604060352000,0
1604060362800,0
1604060373600,0
1604060384400,0
1604060395200,0
1604060402400,0
1604060413200,0
1604060424000,0
1604060434800,0
1604060442000,0
1604060452800,0
1604060463600,0
1604060474400,0
1604060485200,0
1604060492400,0
1604060503200,0
1604060514000,0
1604060524800,0
1604060535600,0
1604060542800,0
1604060553600,0
1604060564400,0
1604060575200,0
1604060582400,0
1604060593200,0
1604060604000,0
1604060614800,0
1604060625600,0
1604060632800,0
1604060643600,0
1604060654400,0
1604060665200,0
1604060672400,0
1604060683200,0
1604060694000,0
1604060712000,0
1604060715600,0
1604060722800,0
1604060733600,0
1604060744400,0
1604060755200,0
1604060762400,0
1604060773200,0
1604060784000,0
1604060794800,0
1604060802000,0
1604060812800,0
1604060823600,0
1604060834400,0
1604060845200,0
1604060852400,0
1604060863200,0
1604060874000,0
1604060884800,0
1604060892000,0
1604060902800,0
1604060913600,0
1604060924400,0
1604060935200,0
1604060942400,0
1604060953200,0
1604060964000,0
1604060974800,0
1604060982000,0
1604060992800,0
1604061003600,0
1604061014400,0
1604061025200,0
1604061032400,0
1604061043200,0
1604061054000,0
1604061064800,0
1604061072000,0
1604061082800,0
1604061093600,0
1604061104400,0
1604061115200,0
1604061122400,0
1604061133200,0
1604061144000,0
1604061154800,0
1604061162000,0
1604061172800,0
1604061183600,0
1604061194400,0
1604061205200,0
1604061212400,0
1604061223200,0
1604061234000,0
1604061244800,0
1604061252000,0
1604061262800,0
1604061273600,0
1604061284400,0
1604061295200,0
1604061302400,0
1604061313200,0
1604061324000,0
1604061334800,0
1604061342000,0
1604061352800,0
1604061370800,0
1604061374400,0
1604061385200,0
1604061392400,0
1604061403200,0
1604061414000,0
1604061424800,0
1604061432000,0
1604061442800,0
1604061453600,0
1604061464400,0
1604061475200,0
1604061482400,0
1604061504000,0
1604061514800,0
1604061525600,0
1604061532800,0
1604061543600,0
1604061554400,0
1604061565200,0
1604061572400,0
1604061583200,0
1604061594000,0
1604061604800,0
1604061615600,0
1604061622800,0
1604061633600,0
1604061644400,0
1604061655200,0
1604061662400,0
1604061673200,0
1604061684000,0
1604061694800,0
1604061705600,0
1604061712800,0
1604061723600,0
1604061734400,0
1604061745200,0
1604061752400,0
1604061763200,0
1604061774000,0
1604061784800,0
1604061792000,0
1604061802800,0
1604061813600,0
1604061824400,0
1604061835200,0
1604061842400,0
1604061853200,0
1604061864000,0
1604061874800,0
1604061882000,0
1604061892800,0
1604061903600,0
1604061914400,0
1604061925200,0
1604061932400,0
1604061943200,0
1604061954000,0
1604061964800,0
1604061972000,0
1604061982800,0
1604061993600,0
1604062004400,0
1604062015200,0
1604062022400,0
1604062033200,0
1604062044000,0
1604062054800,0
1604062062000,0
1604062072800,0
1604062083600,0
1604062094400,0
1604062101600,0
1604062112400,0
1604062123200,0
1604062134000,0
1604062144800,0
1604062152000,0
1604062162800,0
1604062173600,0
1604062184400,0
1604062195200,0
1604062202400,0
1604062213200,0
1604062224000,0
1604062234800,0
1604062242000,0
1604062252800,0
1604062263600,0
1604062274400,0
1604062281600,0
1604062292400,0
1604062303200,0
1604062314000,0
1604062324800,0
1604062332000,0
1604062342800,0
1604062353600,0
1604062364400,0
1604062375200,0
1604062382400,0
1604062393200,0
1604062404000,0
1604062414800,0
1604062425600,0
1604062432800,0
1604062443600,0
1604062454400,0
1604062465200,0
1604062472400,0
1604062483200,0
1604062494000,0
1604062504800,0
1604062512000,0
1604062522800,0
1604062533600,0
1604062544400,0
1604062555200,0
1604062573200,0
1604062584000,0
1604062594800,0
1604062605600,0
1604062612800,0
1604062623600,0
1604062634400,0
1604062645200,0
1604062652400,0
1604062663200,0
1604062674000,0
1604062684800,0
1604062695600,0
1604062702800,0
1604062713600,0
1604062724400,0
1604062735200,0
1604062742400,0
1604062753200,0
1604062764000,0
1604062774800,0
1604062785600,0
1604062792800,0
1604062803600,0
1604062814400,0
1604062825200,0
1604062832400,0
1604062843200,0
1604062854000,0
1604062864800,0
1604062872000,0
1604062882800,0
1604062893600,0
1604062904400,0
1604062915200,0
1604062922400,0
1604062933200,0
1604062944000,0.274304
1604062954800,0
1604062962000,0.131666
1604062972800,1.552563
1604062983600,1.522389
1604062994400,0.244131
1604063005200,0
1604063012400,0
1604063023200,0
1604063034000,0
1604063044800,0.010972
1604063052000,0
1604063062800,0
1604063073600,0
1604063084400,0
1604063091600,0
1604063102400,0
1604063113200,0
1604063124000,0
1604063134800,0.293506
1604063142000,0.200242
1604063152800,0
1604063163600,0.482776
1604063174400,1.374265
1604063185200,1.346834
1604063192400,1.330376
1604063203200,1.286487
1604063214000,1.270029
1604063224800,1.281001
1604063232000,1.283744
1604063242800,1.270029
1604063253600,1.264543
1604063264400,1.248085
1604063275200,1.2618
1604063282400,1.231627
1604063293200,1.242599
1604063304000,1.259057
1604063314800,1.256314
1604063322000,1.259057
1604063332800,1.237113
1604063343600,1.215168
1604063354400,1.217911
1604063365200,1.245342
1604063372400,1.239856
1604063394000,2.465996
1604063404800,1.22614
1604063412000,1.231627
1604063422800,1.204196
1604063433600,1.212425
1604063444400,1.228883
1604063451600,1.228883
1604063462400,1.195967
1604063473200,0.836628
1604063484000,0
1604063494800,0
1604063502000,0
1604063512800,0
1604063530800,0
1604063534400,0
1604063541600,0
1604063552400,0
1604063563200,0
1604063574000,0
1604063584800,0
1604063592000,0
1604063613600,0
1604063617200,0
1604063624400,0
1604063631600,0
1604063642400,0
1604063653200,0
1604063664000,0
1604063674800,0
1604063682000,0
1604063692800,0
1604063703600,0
1604063714400,0
1604063725200,0
1604063732400,0
1604063743200,0
1604063754000,0
1604063764800,0
1604063775600,0
1604063782800,0
1604063793600,0
1604063804400,0
1604063815200,0
1604063822400,0
1604063833200,0
1604063844000,0
1604063854800,0
1604063865600,0
1604063872800,0
1604063883600,0
1604063894400,0
1604063905200,0
1604063912400,0
1604063923200,0
1604063934000,0
1604063944800,0
1604063955600,0
1604063962800,0
1604063973600,0
1604063984400,0
1604063995200,0
1604064002400,0
1604064013200,0
1604064024000,0
1604064034800,0
1604064045600,0
1604064052800,0
1604064063600,0
1604064074400,0
1604064085200,0
1604064092400,0
1604064103200,0
1604064114000,0
1604064124800,0
1604064135600,0
1604064142800,0
1604064153600,0
1604064164400,0
1604064171600,0
1604064182400,0
1604064193200,0
1604064204000,0
1604064214800,0
1604064225600,0
1604064232800,0
1604064243600,0
1604064254400,0
1604064265200,0
1604064272400,0
1604064283200,0
1604064294000,0
1604064304800,0
1604064312000,0
1604064322800,0
1604064333600,0
1604064344400,0
1604064355200,0
1604064362400,0
1604064373200,0
1604064384000,0
1604064394800,0
1604064402000,0
1604064412800,0
1604064423600,0
1604064434400,0
1604064445200,0
1604064452400,0
1604064463200,0
1604064474000,0
1604064484800,0
1604064495600,0
1604064502800,0
1604064513600,0
1604064524400,0
1604064535200,0
1604064542400,0
1604064553200,0
1604064564000,0
1604064574800,0
1604064585600,0
1604064592800,0
1604064603600,0
1604064614400,0
1604064625200,0
1604064632400,0
1604064643200,0
1604064654000,0
1604064664800,0
1604064672000,0
1604064693600,0
1604064700800,0
1604064704400,0
1604064715200,0
1604064722400,0
1604064733200,0
1604064744000,0
1604064754800,0
1604064762000,0
1604064772800,0
1604064783600,0
1604064794400,0
1604064805200,0
1604064812400,0
1604064823200,0
1604064834000,0
1604064844800,0
1604064855600,0
1604064862800,0
1604064873600,0
1604064884400,0
1604064895200,0
1604064902400,0
1604064913200,0
1604064924000,0
1604064934800,0
1604064945600,0
1604064952800,0
1604064963600,0
1604064974400,0
1604064985200,0
1604064992400,0.016458
1604065003200,0
1604065014000,0
1604065024800,0
1604065032000,0.145381
1604065042800,0.093263
1604065053600,0
1604065064400,0
1604065075200,0
1604065082400,0
1604065093200,0
1604065104000,0
1604065114800,0
1604065122000,0
1604065132800,0
1604065143600,0
1604065154400,0
1604065165200,0
1604065172400,0
1604065183200,0
1604065194000,0
1604065204800,0
1604065212000,0
1604065222800,0
1604065233600,0
1604065244400,0
1604065255200,0
1604065262400,0
1604065273200,0
1604065284000,0
1604065294800,0
1604065302000,0
1604065312800,0
1604065323600,0
1604065334400,0
1604065345200,0
1604065352400,0
1604065363200,0
1604065374000,0
1604065384800,0
1604065392000,0
1604065402800,0
1604065413600,0
1604065424400,0
1604065435200,0
1604065442400,0
1604065453200,0
1604065464000,0
1604065474800,0
1604065482000,0
1604065492800,0
1604065503600,0
1604065514400,0
1604065525200,0
1604065532400,0
1604065543200,0
1604065554000,0
1604065564800,0
1604065572000,0
1604065582800,0
1604065593600,0
1604065604400,0
1604065615200,0
1604065622400,0
1604065633200,0
1604065644000,0
1604065654800,0
1604065665600,0
1604065672800,0
1604065683600,0
1604065705200,0
1604065712400,1.283744
1604065723200,1.508674
1604065734000,0.647358
1604065744800,0
1604065752000,0
1604065762800,0
1604065773600,0
1604065784400,0
1604065791600,0
1604065802400,0
1604065813200,0
1604065824000,0
1604065834800,0
1604065845600,0
1604065852800,0
1604065863600,0
1604065874400,0
1604065881600,0
1604065892400,0
1604065903200,0
1604065914000,0
1604065924800,0
1604065932000,0
1604065942800,0
1604065953600,0
1604065964400,0
1604065971600,0
1604065993200,0
1604065996800,0
1604066004000,0
1604066014800,0
1604066025600,0
1604066032800,0
1604066043600,0
1604066054400,0
1604066065200,0
1604066072400,0
1604066083200,0
1604066094000,0
1604066104800,0
1604066115600,0
1604066122800,0
1604066133600,0
1604066144400,0
1604066155200,0
1604066162400,0
1604066173200,0
1604066184000,0
1604066194800,0
1604066205600,0
1604066212800,0
1604066223600,0
1604066234400,0
1604066245200,0
1604066252400,0
1604066263200,0
1604066274000,0
1604066284800,0
1604066295600,0
1604066302800,0
1604066313600,0
1604066324400,0
1604066335200,0
1604066342400,0
1604066353200,0
1604066364000,0
1604066374800,0
1604066385600,0
1604066392800,0
1604066403600,0
1604066414400,0
1604066421600,0
1604066436000,0
1604066443200,0
1604066454000,0
1604066464800,0
1604066475600,0
1604066482800,0
1604066493600,0
1604066504400,0
1604066511600,0
1604066522400,0
1604066533200,0
1604066544000,0
1604066554800,0
1604066562000,0
1604066572800,0
1604066583600,0
1604066594400,0
1604066601600,0
1604066612400,0
1604066623200,0
1604066634000,0
1604066644800,0
1604066652000,0
1604066662800,0
1604066695200,0
1604066706000,0
1604066716800,0
1604066727600,0
1604066738400,0
1604066745600,0
1604066756400,0
1604066767200,0
1604066774400,0
1604066785200,0
1604066796000,0
1604066806800,0
1604066817600,0
1604066824800,0
1604066835600,0
1604066846400,0
1604066857200,0
1604066864400,0
1604066875200,0
1604066886000,0
1604066896800,0
1604066907600,0
1604066914800,0
1604066925600,0
1604066936400,0
1604066947200,0
1604066954400,0
1604066965200,0
1604066976000,0
1604066986800,0
1604066994000,0
1604067004800,0
1604067015600,0
1604067026400,0
1604067037200,0
1604067044400,0
1604067055200,0
1604067066000,0
1604067076800,0
1604067084000,0
1604067094800,0
1604067105600,0
1604067123600,0
1604067127200,0
1604067134400,0
1604067145200,0
1604067156000,0
1604067166800,0
1604067177600,0
1604067184800,0
1604067195600,0
1604067206400,0
1604067217200,0
1604067224400,0
1604067235200,0
1604067246000,0
1604067256800,0
1604067267600,0
1604067274800,0
1604067292800,0
1604067296400,0
1604067307200,0
1604067314400,0
1604067325200,0
1604067336000,0
1604067346800,0
1604067357600,0
1604067364800,0
1604067375600,0
1604067386400,0
1604067397200,0
1604067404400,0
1604067415200,0
1604067426000,0
1604067436800,0
1604067447600,0
1604067454800,0
1604067465600,0
1604067476400,0
1604067487200,0
1604067494400,0
1604067505200,0
1604067516000,0
1604067526800,0
1604067537600,0
1604067544800,0
1604067555600,0
1604067566400,0
1604067577200,0
1604067584400,0
1604067595200,0
1604067606000,0
1604067616800,0
1604067624000,0
1604067634800,0
1604067645600,0
1604067656400,0
1604067667200,0
1604067674400,0
1604067685200,0
1604067696000,0
1604067706800,0
1604067717600,0
1604067724800,0
1604067735600,0
1604067746400,0
1604067753600,0
1604067764400,0
1604067775200,0
1604067786000,0
1604067796800,0
1604067804000,0
1604067814800,0
1604067825600,0
1604067836400,0
1604067847200,0
1604067854400,0
1604067865200,0
1604067876000,0
1604067886800,0
1604067894000,0
1604067904800,0
1604067915600,0
1604067926400,0
1604067937200,0
1604067944400,0
1604067955200,0
1604067966000,0
1604067976800,0
1604067987600,0
1604067994800,0
1604068005600,0
1604068016400,0
1604068027200,0
1604068034400,0
1604068045200,0
1604068056000,0
1604068066800,0
1604068074000,0
1604068084800,0
1604068095600,0
1604068106400,0
1604068117200,0
1604068124400,0
1604068135200,0
1604068146000,0
1604068156800,0
1604068164000,0
1604068174800,0
1604068185600,0
1604068196400,0
1604068203600,0
1604068214400,0
1604068225200,0
1604068236000,0
1604068329600,0
1604068340400,0
1604068351200,0
1604068362000,0
1604068383600,0
1604068394400,0
1604068405200,0
1604068412400,0
1604068423200,0
1604068434000,0
1604068444800,0
1604068477200,2.345302
1604068484400,1.116419
1604068495200,0
1604068506000,0
1604068516800,0
1604068524000,0
1604068534800,0
1604068545600,0
1604068556400,0
1604068581600,0
1604068592400,0
1604068603200,0
1604068614000,0
1604068621200,0
1604068632000,0
1604068642800,0
1604068653600,0
1604068664400,0
1604068671600,0
1604068682400,0
1604068693200,0
1604068704000,0
1604068718400,0
1604068722000,0
1604068732800,0
1604068743600,0
1604068754400,0
1604068761600,0
1604068772400,0
1604068783200,0
1604068794000,0
1604068801200,0
1604068812000,0
1604068822800,0
1604068869600,0
1604068880400,0
1604068887600,0
1604068898400,0
1604068909200,0
1604068920000,0
1604068927200,0
1604068938000,0
1604068948800,0
1604068959600,0
1604068970400,0
1604068977600,0
1604068988400,0
1604068999200,0
1604069010000,0
1604069017200,0
1604069028000,0
1604069038800,0
1604069049600,0
1604069060400,0
1604069067600,0
1604069078400,0
1604069089200,0
1604069100000,0
1604069107200,0
1604069118000,0
1604069128800,0
1604069139600,0
1604069150400,0
1604069157600,0
1604069168400,0
1604069179200,0
1604069190000,0
1604069197200,0
1604069208000,0
1604069218800,0
1604069229600,0
1604069236800,0
1604069247600,0
1604069258400,0
1604069269200,0
1604069280000,0
1604069290800,0
1604069298000,0
1604069308800,0
1604069319600,0
1604069330400,0
1604069337600,0
1604069348400,0
1604069359200,0
1604069370000,0
1604069395200,0
1604069424000,0
1604069434800,0
1604069445600,0
1604069452800,0
1604069470800,0
1604069474400,0
1604069485200,0
1604069492400,0
1604069503200,0
1604069514000,0
1604069524800,0
1604069535600,0
1604069542800,0
1604069553600,0
1604069564400,0
1604069571600,0
1604069582400,0
1604069593200,0
1604069604000,0
1604069618400,0
1604069622000,0
1604069632800,0
1604069643600,0
1604069654400,0
1604069665200,2.224608
1604069672400,3.170958
1604069683200,3.157243
1604069694000,3.11884
1604069708400,0.789996
1604069712000,0
1604069722800,0
1604069733600,0
1604069755200,0
1604069766000,0
1604069776800,0
1604069787600,0
1604069794800,0
1604069805600,0
1604069816400,0
1604069827200,0
1604069838000,0
1604069845200,0
1604069877600,0
1604069888400,0
1604069899200,0
1604069910000,0
1604069917200,0
1604069928000,0
1604069938800,0
1604069949600,0
1604069956800,0
1604069967600,0
1604070000000,0
1604070010800,0
1604070018000,0
1604070028800,0
1604070039600,0
1604070050400,0
1604070057600,0
1604070068400,0
1604070079200,0
1604070090000,0
1604070100800,0
1604070129600,0
1604070136800,0
1604070147600,0
1604070158400,0
1604070169200,0
1604070176400,0
1604070187200,0
1604070198000,0
1604070208800,0
1604070219600,0
1604070226800,0
1604070237600,0
1604070266400,0
1604070277200,0
1604070288000,0
1604070298800,0
1604070324000,0
1604070334800,0
1604070345600,0
1604070356400,0
1604070385200,0
1604070396000,0
1604070406800,0
1604070417600,0
1604070428400,0
1604070435600,0
1604070457200,0
1604070468000,0
1604070475200,0
1604070486000,0
1604070496800,0
1604070507600,0
1604070514800,0
1604070525600,0
1604070547200,0
1604070554400,0
1604070565200,0
1604070576000,0
1604070586800,0
1604070597600,0
1604070604800,0
1604070615600,0
1604070626400,0
1604070637200,0
1604070648000,0
1604070655200,0
1604070666000,0
1604070676800,0
1604070687600,0
1604070698400,0
1604070705600,0
1604070716400,0
1604070727200,0
1604070738000,0
1604070745200,0
1604070756000,0
1604070766800,0
1604070777600,0
1604070788400,0
1604070795600,0
1604070806400,0
1604070817200,0
1604070828000,0
1604070835200,0
1604070846000,0
1604070856800,0
1604070867600,1.48673
1604070874800,2.918598
1604070885600,3.294395
1604070896400,3.255993
1604072102400,8.624129
1604072109600,0
1604072120400,0
1604072142000,0
1604072149200,0
1604072160000,0
1604072170800,0
1604072181600,0
1604072192400,0
1604072199600,0
1604072217600,0
1604072221200,0
1604072232000,0
1604072239200,0
1604072250000,0
1604072260800,0
1604072271600,0
1604072278800,0
1604072289600,0
1604072300400,0
1604072311200,0
1604072322000,0
1604072329200,0
1604072340000,0
1604072350800,0
1604072361600,0
1604072372400,0
1604072390400,0
1604072401200,0
1604072412000,0
1604072422800,0
1604072430000,0
1604072440800,0
1604072451600,0
1604072462400,0
1604072473200,0
1604072480400,0
1604072491200,0
1604072502000,0
1604072509200,0
1604072520000,0
1604072530800,0
1604072541600,0
1604072548800,0
1604072559600,0
1604072570400,0
1604072581200,0
1604072592000,0
1604072599200,0
1604072610000,0
1604072620800,0
1604072631600,0
1604072638800,0
1604072660400,0
1604072671200,0
1604072682000,0
1604072689200,0
1604072700000,0
1604072710800,0
1604072721600,0
1604072728800,0
1604072739600,0
1604072750400,0
1604072761200,0
1604072772000,0
1604072779200,0
1604072790000,0
1604072800800,0
1604072811600,0
1604072818800,0
1604072829600,0
1604072840400,0
1604072851200,0
1604072862000,0
1604072869200,0
1604072880000,0
1604072901600,0
1604072912400,0
1604072919600,0
1604072930400,0
1604072941200,0
1604072952000,0
1604072988000,0
1604072998800,0
1604073009600,0
1604073020400,0
1604073027600,0
1604073038400,0
1604073049200,0
1604073060000,0
1604073070800,0
1604073078000,0
1604073088800,0
1604073099600,0
1604073110400,0
1604073117600,0
1604073128400,0
1604073139200,0
1604073150000,0
1604073160800,0
1604073168000,0
1604073178800,0
1604073189600,0
1604073200400,0.811941
1604073207600,0.798226
1604073222000,0
1604073229200,0
1604073240000,0
1604073250800,0.222187
1604073258000,0.735136
1604073268800,0.732393
1604073279600,0.743365
1604073290400,0.735136
1604073301200,0.718677
1604073308400,0.718677
1604073330000,0.732393
1604073333600,0.726907
1604073340800,0.628157
1604073348000,0
1604073358800,0
1604073369600,0
1604073380400,0
1604073387600,0
1604073398400,0
1604073409200,0
1604073420000,0
1604073430800,0
1604073438000,0
1604073448800,0
1604073459600,0
1604073470400,0
1604073477600,0
1604073488400,0
1604073499200,0
1604073510000,0
1604073520800,0
1604073528000,0
1604073538800,0
1604073549600,0
1604073560400,0
1604073567600,0
1604073578400,0
1604073589200,0
1604073600000,0
1604073610800,0
1604073618000,0
1604073628800,0
1604073639600,0
1604073650400,0
1604073661200,0
1604073668400,0
1604073679200,0
1604073690000,0
1604073700800,0
1604073708000,0
1604073718800,0
1604073736800,0
1604073747600,0
1604073751200,0
1604073758400,0
1604073769200,0
1604073780000,0
1604073790800,0
1604073798000,0
1604073808800,0
1604073823200,0
1604073830400,0
1604073841200,0
1604073848400,0
1604073859200,0
1604073870000,0
1604073880800,0
1604073888000,0
1604073898800,0
1604073913200,0
1604073920400,0
1604073931200,0
1604073938400,0
1604073949200,0
1604073960000,0
1604073970800,0.523921
1604073981600,1.505931
1604073988800,1.35232
1604073999600,0.002743
1604074010400,0
1604074021200,0
1604074028400,0.702219
1604074039200,1.497702
1604074050000,1.500445
1604074060800,1.505931
1604074068000,1.190481
1604074078800,0
1604074089600,0
1604074100400,0
1604074107600,0
1604074118400,0
1604074129200,0
1604074140000,0
1604074150800,0
1604074158000,0
1604074168800,0
1604074179600,0
1604074190400,0
1604074201200,0
1604074208400,0
1604074226400,0
1604074230000,0
1604074240800,0
1604074248000,0
1604074258800,0
1604074269600,0
1604074280400,0
1604074291200,0
1604074298400,0
1604074309200,0
1604074320000,0
1604074330800,0
1604074338000,0
1604074348800,0
1604074359600,0
1604074370400,0
1604074377600,0
1604074388400,0
1604074399200,0
1604074410000,0
1604074420800,0
1604074428000,0
1604074438800,0
1604074449600,0
1604074460400,0
1604074467600,0
1604074478400,0
1604074489200,0
1604074500000,0
1604074510800,0
1604074518000,0
1604074528800,0
1604074539600,0
1604074550400,0
1604074561200,0
1604074579200,0
1604074582800,0
1604074590000,0
1604074600800,0
1604074608000,0
1604074618800,0
1604074629600,0
1604074640400,0
1604074651200,0
1604074658400,0
1604074669200,0
1604074680000,0
1604074690800,0
1604074698000,0
1604074708800,0
1604074719600,0
1604074730400,0
1604074737600,0
1604074748400,0
1604074759200,0
1604074770000,0
1604074780800,0
1604074788000,0
1604074798800,0
1604074809600,0
1604074820400,0
1604074827600,0
1604074838400,0
1604074849200,0
1604074860000,0
1604074870800,0
1604074878000,0
1604074888800,0
1604074899600,0
1604074910400,0
1604074917600,0
1604074928400,0
1604074939200,0
1604074950000,0
1604074960800,0
1604074968000,0
1604074978800,0
1604074989600,0
1604075000400,0.329165
1604075011200,0.34288
1604075018400,0
1604075029200,0.56781
1604075040000,0.880517
1604075050800,0.905204
1604075058000,0.499234
1604075068800,0
1604075079600,0
1604075090400,0.071319
